time, type, dataflowid, value, cost, f, maxOutDataRate, currentOutDataRate, omega,
180, COORD, 77ce3e94-24f5-41e8-a0c5-92757b0216cd,0.832499996,2.639999866,0.793889997,20.33333333,13.11111111,0.396296296, 
360, COORD, 77ce3e94-24f5-41e8-a0c5-92757b0216cd,0.832499996,2.639999866,0.793889997,30,20,0.666666667, 
540, COORD, 77ce3e94-24f5-41e8-a0c5-92757b0216cd,0.832499996,2.639999866,0.793889997,30,20,0.666666667, 
720, COORD, 77ce3e94-24f5-41e8-a0c5-92757b0216cd,0.832499996,2.639999866,0.793889997,30,20.22222222,0.674074074, 
900, COORD, 77ce3e94-24f5-41e8-a0c5-92757b0216cd,0.832499996,2.639999866,0.793889997,30,20,0.666666667, 
1080, COORD, 77ce3e94-24f5-41e8-a0c5-92757b0216cd,0.832499996,2.639999866,0.793889997,30.33333333,20.22222222,0.667283951, 
1260, COORD, 77ce3e94-24f5-41e8-a0c5-92757b0216cd,0.832499996,2.639999866,0.793889997,30,20,0.666666667, 
1440, COORD, 77ce3e94-24f5-41e8-a0c5-92757b0216cd,0.832499996,2.639999866,0.793889997,30.33333333,20.11111111,0.663580247, 
1620, COORD, 77ce3e94-24f5-41e8-a0c5-92757b0216cd,0.832499996,2.639999866,0.793889997,30.33333333,20.11111111,0.663580247, 
1800, COORD, 77ce3e94-24f5-41e8-a0c5-92757b0216cd,0.832499996,2.639999866,0.793889997,30,20,0.666666667, 
1980, COORD, 77ce3e94-24f5-41e8-a0c5-92757b0216cd,0.832499996,2.639999866,0.793889997,30.66666667,20.22222222,0.660493827, 
2160, COORD, 77ce3e94-24f5-41e8-a0c5-92757b0216cd,0.832499996,2.639999866,0.793889997,30.33333333,20.11111111,0.663580247, 
2340, COORD, 77ce3e94-24f5-41e8-a0c5-92757b0216cd,0.832499996,2.639999866,0.793889997,30,20,0.666666667, 
2520, COORD, 77ce3e94-24f5-41e8-a0c5-92757b0216cd,0.832499996,2.639999866,0.793889997,30,20.11111111,0.67037037, 
2700, COORD, 77ce3e94-24f5-41e8-a0c5-92757b0216cd,0.832499996,2.639999866,0.793889997,30,20,0.666666667, 
2880, COORD, 77ce3e94-24f5-41e8-a0c5-92757b0216cd,0.832499996,2.639999866,0.793889997,30,20,0.666666667, 
3060, COORD, 77ce3e94-24f5-41e8-a0c5-92757b0216cd,0.832499996,2.639999866,0.793889997,30.33333333,20.11111111,0.663580247, 
3240, COORD, 77ce3e94-24f5-41e8-a0c5-92757b0216cd,0.832499996,2.639999866,0.793889997,30,20,0.666666667, 
3420, COORD, 77ce3e94-24f5-41e8-a0c5-92757b0216cd,0.832499996,2.639999866,0.793889997,30,20.11111111,0.67037037, 
3600, COORD, 77ce3e94-24f5-41e8-a0c5-92757b0216cd,0.832499996,2.639999866,0.793889997,30,20,0.666666667, 
3780, COORD, 77ce3e94-24f5-41e8-a0c5-92757b0216cd,0.832499996,5.279999733,0.755279999,30.33333333,20.11111111,0.663580247, 
3960, COORD, 77ce3e94-24f5-41e8-a0c5-92757b0216cd,0.832499996,5.279999733,0.755279999,30,20,0.666666667, 
4140, COORD, 77ce3e94-24f5-41e8-a0c5-92757b0216cd,0.832499996,5.279999733,0.755279999,30,20,0.666666667, 
4320, COORD, 77ce3e94-24f5-41e8-a0c5-92757b0216cd,0.832499996,5.279999733,0.755279999,30,20.11111111,0.67037037, 
4500, COORD, 77ce3e94-24f5-41e8-a0c5-92757b0216cd,0.832499996,5.279999733,0.755279999,30,20,0.666666667, 
4680, COORD, 77ce3e94-24f5-41e8-a0c5-92757b0216cd,0.832499996,5.279999733,0.755279999,30,20.11111111,0.67037037, 
4860, COORD, 77ce3e94-24f5-41e8-a0c5-92757b0216cd,0.832499996,5.279999733,0.755279999,30,20,0.666666667, 
5040, COORD, 77ce3e94-24f5-41e8-a0c5-92757b0216cd,0.832499996,5.279999733,0.755279999,30.33333333,20.11111111,0.663580247, 
5220, COORD, 77ce3e94-24f5-41e8-a0c5-92757b0216cd,0.832499996,5.279999733,0.755279999,30,20,0.666666667, 
5400, COORD, 77ce3e94-24f5-41e8-a0c5-92757b0216cd,0.832499996,5.279999733,0.755279999,30,20.11111111,0.67037037, 
5580, COORD, 77ce3e94-24f5-41e8-a0c5-92757b0216cd,0.832499996,5.279999733,0.755279999,30,20,0.666666667, 
5760, COORD, 77ce3e94-24f5-41e8-a0c5-92757b0216cd,0.832499996,5.279999733,0.755279999,30,20,0.666666667, 
5940, COORD, 77ce3e94-24f5-41e8-a0c5-92757b0216cd,0.832499996,5.279999733,0.755279999,30.33333333,20.11111111,0.663580247, 
6120, COORD, 77ce3e94-24f5-41e8-a0c5-92757b0216cd,0.832499996,5.279999733,0.755279999,30,20,0.666666667, 
6300, COORD, 77ce3e94-24f5-41e8-a0c5-92757b0216cd,0.832499996,5.279999733,0.755279999,30,20.11111111,0.67037037, 
6480, COORD, 77ce3e94-24f5-41e8-a0c5-92757b0216cd,0.832499996,5.279999733,0.755279999,30,20,0.666666667, 
6660, COORD, 77ce3e94-24f5-41e8-a0c5-92757b0216cd,0.832499996,5.279999733,0.755279999,30.33333333,20.11111111,0.663580247, 
6840, COORD, 77ce3e94-24f5-41e8-a0c5-92757b0216cd,0.832499996,5.279999733,0.755279999,30,20,0.666666667, 
7020, COORD, 77ce3e94-24f5-41e8-a0c5-92757b0216cd,0.832499996,5.279999733,0.755279999,30,20,0.666666667, 
7200, COORD, 77ce3e94-24f5-41e8-a0c5-92757b0216cd,0.832499996,5.279999733,0.755279999,30.33333333,20.11111111,0.663580247, 
7380, COORD, 77ce3e94-24f5-41e8-a0c5-92757b0216cd,0.832499996,7.919998646,0.716670014,30,20,0.666666667, 
7560, COORD, 77ce3e94-24f5-41e8-a0c5-92757b0216cd,0.832499996,7.919998646,0.716670014,30,20.11111111,0.67037037, 
7740, COORD, 77ce3e94-24f5-41e8-a0c5-92757b0216cd,0.832499996,7.919998646,0.716670014,30,20,0.666666667, 
7920, COORD, 77ce3e94-24f5-41e8-a0c5-92757b0216cd,0.832499996,7.919998646,0.716670014,30.33333333,20.11111111,0.663580247, 
8100, COORD, 77ce3e94-24f5-41e8-a0c5-92757b0216cd,0.832499996,7.919998646,0.716670014,30,20,0.666666667, 
8280, COORD, 77ce3e94-24f5-41e8-a0c5-92757b0216cd,0.832499996,7.919998646,0.716670014,30,20.11111111,0.67037037, 
8460, COORD, 77ce3e94-24f5-41e8-a0c5-92757b0216cd,0.832499996,7.919998646,0.716670014,30,20.22222222,0.674074074, 
8640, COORD, 77ce3e94-24f5-41e8-a0c5-92757b0216cd,0.832499996,7.919998646,0.716670014,30.33333333,20.22222222,0.667283951, 
8820, COORD, 77ce3e94-24f5-41e8-a0c5-92757b0216cd,0.832499996,7.919998646,0.716670014,30.33333333,20.22222222,0.667283951, 
9000, COORD, 77ce3e94-24f5-41e8-a0c5-92757b0216cd,0.832499996,7.919998646,0.716670014,29.33333333,20.11111111,0.688888889, 
9180, COORD, 77ce3e94-24f5-41e8-a0c5-92757b0216cd,0.832499996,7.919998646,0.716670014,29.66666667,20.22222222,0.683333333, 
9360, COORD, 77ce3e94-24f5-41e8-a0c5-92757b0216cd,0.832499996,7.919998646,0.716670014,30,20.33333333,0.680246914, 
9540, COORD, 77ce3e94-24f5-41e8-a0c5-92757b0216cd,0.832499996,7.919998646,0.716670014,29.66666667,20.11111111,0.67962963, 
9720, COORD, 77ce3e94-24f5-41e8-a0c5-92757b0216cd,0.832499996,7.919998646,0.716670014,30,20.11111111,0.672839506, 
9900, COORD, 77ce3e94-24f5-41e8-a0c5-92757b0216cd,0.832499996,7.919998646,0.716670014,30.33333333,20.33333333,0.670987654, 
10080, COORD, 77ce3e94-24f5-41e8-a0c5-92757b0216cd,0.832499996,7.919998646,0.716670014,30.33333333,20.11111111,0.663580247, 
10260, COORD, 77ce3e94-24f5-41e8-a0c5-92757b0216cd,0.832499996,7.919998646,0.716670014,30.33333333,20.11111111,0.663580247, 
10440, COORD, 77ce3e94-24f5-41e8-a0c5-92757b0216cd,0.832499996,7.919998646,0.716670014,30.33333333,20.33333333,0.670987654, 
10620, COORD, 77ce3e94-24f5-41e8-a0c5-92757b0216cd,0.832499996,7.919998646,0.716670014,30.33333333,20.22222222,0.667283951, 
10800, COORD, 77ce3e94-24f5-41e8-a0c5-92757b0216cd,0.832499996,7.919998646,0.716670014,30,20.11111111,0.67037037, 
10980, COORD, 77ce3e94-24f5-41e8-a0c5-92757b0216cd,0.832499996,10.55999947,0.678060001,30.33333333,20.22222222,0.667283951, 
11160, COORD, 77ce3e94-24f5-41e8-a0c5-92757b0216cd,0.832499996,10.55999947,0.678060001,30,20.22222222,0.674074074, 
11340, COORD, 77ce3e94-24f5-41e8-a0c5-92757b0216cd,0.832499996,10.55999947,0.678060001,30,20.11111111,0.67037037, 
11520, COORD, 77ce3e94-24f5-41e8-a0c5-92757b0216cd,0.832499996,10.55999947,0.678060001,30.33333333,20.22222222,0.667283951, 
11700, COORD, 77ce3e94-24f5-41e8-a0c5-92757b0216cd,0.832499996,10.55999947,0.678060001,30.33333333,20.22222222,0.667283951, 
11880, COORD, 77ce3e94-24f5-41e8-a0c5-92757b0216cd,0.832499996,10.55999947,0.678060001,30.33333333,20.22222222,0.667283951, 
12060, COORD, 77ce3e94-24f5-41e8-a0c5-92757b0216cd,0.832499996,10.55999947,0.678060001,30,20.11111111,0.67037037, 
12240, COORD, 77ce3e94-24f5-41e8-a0c5-92757b0216cd,0.832499996,10.55999947,0.678060001,30.66666667,20.22222222,0.660493827, 
12420, COORD, 77ce3e94-24f5-41e8-a0c5-92757b0216cd,0.832499996,10.55999947,0.678060001,30.33333333,20.33333333,0.670987654, 
12600, COORD, 77ce3e94-24f5-41e8-a0c5-92757b0216cd,0.832499996,10.55999947,0.678060001,30.33333333,20.11111111,0.663580247, 
12780, COORD, 77ce3e94-24f5-41e8-a0c5-92757b0216cd,0.832499996,10.55999947,0.678060001,30,20.11111111,0.67037037, 
12960, COORD, 77ce3e94-24f5-41e8-a0c5-92757b0216cd,0.832499996,10.55999947,0.678060001,30.33333333,20.33333333,0.670987654, 
13140, COORD, 77ce3e94-24f5-41e8-a0c5-92757b0216cd,0.832499996,10.55999947,0.678060001,30,20.11111111,0.67037037, 
13320, COORD, 77ce3e94-24f5-41e8-a0c5-92757b0216cd,0.832499996,10.55999947,0.678060001,30,20.11111111,0.67037037, 
13500, COORD, 77ce3e94-24f5-41e8-a0c5-92757b0216cd,0.832499996,10.55999947,0.678060001,30.33333333,20.33333333,0.670987654, 
13680, COORD, 77ce3e94-24f5-41e8-a0c5-92757b0216cd,0.832499996,10.55999947,0.678060001,30.33333333,20.22222222,0.667283951, 
13860, COORD, 77ce3e94-24f5-41e8-a0c5-92757b0216cd,0.832499996,10.55999947,0.678060001,30.33333333,20.11111111,0.663580247, 
14040, COORD, 77ce3e94-24f5-41e8-a0c5-92757b0216cd,0.832499996,10.55999947,0.678060001,30,20.22222222,0.674074074, 
14220, COORD, 77ce3e94-24f5-41e8-a0c5-92757b0216cd,0.832499996,10.55999947,0.678060001,30.66666667,20.22222222,0.660493827, 
14400, COORD, 77ce3e94-24f5-41e8-a0c5-92757b0216cd,0.832499996,10.55999947,0.678060001,30.33333333,20.11111111,0.663580247, 
14580, COORD, 77ce3e94-24f5-41e8-a0c5-92757b0216cd,0.832499996,13.19999886,0.63945001,30,20.22222222,0.674074074, 
14760, COORD, 77ce3e94-24f5-41e8-a0c5-92757b0216cd,0.832499996,13.19999886,0.63945001,30.33333333,20.22222222,0.667283951, 
14940, COORD, 77ce3e94-24f5-41e8-a0c5-92757b0216cd,0.832499996,13.19999886,0.63945001,30.33333333,20.22222222,0.667283951, 
15120, COORD, 77ce3e94-24f5-41e8-a0c5-92757b0216cd,0.832499996,13.19999886,0.63945001,30,20.11111111,0.67037037, 
15300, COORD, 77ce3e94-24f5-41e8-a0c5-92757b0216cd,0.832499996,13.19999886,0.63945001,30,20.22222222,0.674074074, 
15480, COORD, 77ce3e94-24f5-41e8-a0c5-92757b0216cd,0.832499996,13.19999886,0.63945001,30.33333333,20.33333333,0.670987654, 
15660, COORD, 77ce3e94-24f5-41e8-a0c5-92757b0216cd,0.832499996,13.19999886,0.63945001,30,20.11111111,0.67037037, 
15840, COORD, 77ce3e94-24f5-41e8-a0c5-92757b0216cd,0.832499996,13.19999886,0.63945001,30.33333333,20.11111111,0.663580247, 
16020, COORD, 77ce3e94-24f5-41e8-a0c5-92757b0216cd,0.832499996,13.19999886,0.63945001,30.33333333,20.33333333,0.670987654, 
16200, COORD, 77ce3e94-24f5-41e8-a0c5-92757b0216cd,0.832499996,13.19999886,0.63945001,30.33333333,20.11111111,0.663580247, 
16380, COORD, 77ce3e94-24f5-41e8-a0c5-92757b0216cd,0.832499996,13.19999886,0.63945001,30.33333333,20.11111111,0.663580247, 
16560, COORD, 77ce3e94-24f5-41e8-a0c5-92757b0216cd,0.832499996,13.19999886,0.63945001,30.33333333,20.33333333,0.670987654, 
16740, COORD, 77ce3e94-24f5-41e8-a0c5-92757b0216cd,0.832499996,13.19999886,0.63945001,30.33333333,20.22222222,0.667283951, 
16920, COORD, 77ce3e94-24f5-41e8-a0c5-92757b0216cd,0.832499996,13.19999886,0.63945001,30,20.11111111,0.67037037, 
17100, COORD, 77ce3e94-24f5-41e8-a0c5-92757b0216cd,0.832499996,13.19999886,0.63945001,30.33333333,20.22222222,0.667283951, 
17280, COORD, 77ce3e94-24f5-41e8-a0c5-92757b0216cd,0.832499996,13.19999886,0.63945001,30,20.22222222,0.674074074, 
17460, COORD, 77ce3e94-24f5-41e8-a0c5-92757b0216cd,0.832499996,13.19999886,0.63945001,30,20.11111111,0.67037037, 
17640, COORD, 77ce3e94-24f5-41e8-a0c5-92757b0216cd,0.832499996,13.19999886,0.63945001,30.33333333,20.22222222,0.667283951, 
17820, COORD, 77ce3e94-24f5-41e8-a0c5-92757b0216cd,0.832499996,13.19999886,0.63945001,30.33333333,20.22222222,0.667283951, 
18000, COORD, 77ce3e94-24f5-41e8-a0c5-92757b0216cd,0.832499996,13.19999886,0.63945001,30.33333333,20.22222222,0.667283951, 
18180, COORD, 77ce3e94-24f5-41e8-a0c5-92757b0216cd,0.832499996,15.83999729,0.600840032,30,20.11111111,0.67037037, 
18360, COORD, 77ce3e94-24f5-41e8-a0c5-92757b0216cd,0.832499996,15.83999729,0.600840032,30,20.22222222,0.67654321, 
18540, COORD, 77ce3e94-24f5-41e8-a0c5-92757b0216cd,0.832499996,15.83999729,0.600840032,30,20.33333333,0.680246914, 
18720, COORD, 77ce3e94-24f5-41e8-a0c5-92757b0216cd,0.832499996,15.83999729,0.600840032,30,20.11111111,0.672839506, 
18900, COORD, 77ce3e94-24f5-41e8-a0c5-92757b0216cd,0.832499996,15.83999729,0.600840032,29.66666667,20.11111111,0.67962963, 
19080, COORD, 77ce3e94-24f5-41e8-a0c5-92757b0216cd,0.832499996,15.83999729,0.600840032,30,20.33333333,0.680246914, 
19260, COORD, 77ce3e94-24f5-41e8-a0c5-92757b0216cd,0.832499996,15.83999729,0.600840032,30.33333333,20.11111111,0.663580247, 
19440, COORD, 77ce3e94-24f5-41e8-a0c5-92757b0216cd,0.832499996,15.83999729,0.600840032,30,20.11111111,0.67037037, 
19620, COORD, 77ce3e94-24f5-41e8-a0c5-92757b0216cd,0.832499996,15.83999729,0.600840032,30.33333333,20.33333333,0.670987654, 
19800, COORD, 77ce3e94-24f5-41e8-a0c5-92757b0216cd,0.832499996,15.83999729,0.600840032,30.33333333,20.22222222,0.667283951, 
19980, COORD, 77ce3e94-24f5-41e8-a0c5-92757b0216cd,0.832499996,15.83999729,0.600840032,30.33333333,20.11111111,0.663580247, 
20160, COORD, 77ce3e94-24f5-41e8-a0c5-92757b0216cd,0.832499996,15.83999729,0.600840032,30,20.22222222,0.674074074, 
20340, COORD, 77ce3e94-24f5-41e8-a0c5-92757b0216cd,0.832499996,15.83999729,0.600840032,30.33333333,20.22222222,0.667283951, 
20520, COORD, 77ce3e94-24f5-41e8-a0c5-92757b0216cd,0.832499996,15.83999729,0.600840032,30.33333333,20.11111111,0.663580247, 
20700, COORD, 77ce3e94-24f5-41e8-a0c5-92757b0216cd,0.832499996,15.83999729,0.600840032,30,20.22222222,0.674074074, 
20880, COORD, 77ce3e94-24f5-41e8-a0c5-92757b0216cd,0.832499996,15.83999729,0.600840032,30.33333333,20.22222222,0.667283951, 
21060, COORD, 77ce3e94-24f5-41e8-a0c5-92757b0216cd,0.832499996,15.83999729,0.600840032,30.33333333,20.22222222,0.667283951, 
21240, COORD, 77ce3e94-24f5-41e8-a0c5-92757b0216cd,0.832499996,15.83999729,0.600840032,30,20.11111111,0.67037037, 
21420, COORD, 77ce3e94-24f5-41e8-a0c5-92757b0216cd,0.832499996,15.83999729,0.600840032,30.33333333,20.22222222,0.667283951, 
21600, COORD, 77ce3e94-24f5-41e8-a0c5-92757b0216cd,0.832499996,15.83999729,0.600840032,30.33333333,20.33333333,0.670987654, 
21780, COORD, 77ce3e94-24f5-41e8-a0c5-92757b0216cd,0.832499996,18.48000145,0.562229971,30,20.11111111,0.67037037, 
21960, COORD, 77ce3e94-24f5-41e8-a0c5-92757b0216cd,0.832499996,18.48000145,0.562229971,30.33333333,20.11111111,0.663580247, 
22140, COORD, 77ce3e94-24f5-41e8-a0c5-92757b0216cd,0.832499996,18.48000145,0.562229971,30.33333333,20.33333333,0.670987654, 
22320, COORD, 77ce3e94-24f5-41e8-a0c5-92757b0216cd,0.832499996,18.48000145,0.562229971,30,20.11111111,0.67037037, 
22500, COORD, 77ce3e94-24f5-41e8-a0c5-92757b0216cd,0.832499996,18.48000145,0.562229971,30.33333333,20.11111111,0.663580247, 
22680, COORD, 77ce3e94-24f5-41e8-a0c5-92757b0216cd,0.832499996,18.48000145,0.562229971,30.33333333,20.33333333,0.670987654, 
22860, COORD, 77ce3e94-24f5-41e8-a0c5-92757b0216cd,0.832499996,18.48000145,0.562229971,30.33333333,20.22222222,0.667283951, 
23040, COORD, 77ce3e94-24f5-41e8-a0c5-92757b0216cd,0.832499996,18.48000145,0.562229971,30,20.11111111,0.67037037, 
23220, COORD, 77ce3e94-24f5-41e8-a0c5-92757b0216cd,0.832499996,18.48000145,0.562229971,30.33333333,20.22222222,0.667283951, 
23400, COORD, 77ce3e94-24f5-41e8-a0c5-92757b0216cd,0.832499996,18.48000145,0.562229971,30.33333333,20.22222222,0.667283951, 
23580, COORD, 77ce3e94-24f5-41e8-a0c5-92757b0216cd,0.832499996,18.48000145,0.562229971,30,20.11111111,0.67037037, 
23760, COORD, 77ce3e94-24f5-41e8-a0c5-92757b0216cd,0.832499996,18.48000145,0.562229971,30.33333333,20.22222222,0.667283951, 
23940, COORD, 77ce3e94-24f5-41e8-a0c5-92757b0216cd,0.832499996,18.48000145,0.562229971,30.33333333,20.22222222,0.667283951, 
24120, COORD, 77ce3e94-24f5-41e8-a0c5-92757b0216cd,0.832499996,18.48000145,0.562229971,30.33333333,20.22222222,0.667283951, 
24300, COORD, 77ce3e94-24f5-41e8-a0c5-92757b0216cd,0.832499996,18.48000145,0.562229971,30,20.11111111,0.67037037, 
24480, COORD, 77ce3e94-24f5-41e8-a0c5-92757b0216cd,0.832499996,18.48000145,0.562229971,30.33333333,20.22222222,0.667283951, 
24660, COORD, 77ce3e94-24f5-41e8-a0c5-92757b0216cd,0.832499996,18.48000145,0.562229971,30.33333333,20.33333333,0.670987654, 
24840, COORD, 77ce3e94-24f5-41e8-a0c5-92757b0216cd,0.832499996,18.48000145,0.562229971,30.33333333,20.11111111,0.663580247, 
25020, COORD, 77ce3e94-24f5-41e8-a0c5-92757b0216cd,0.832499996,18.48000145,0.562229971,30,20.11111111,0.67037037, 
25200, COORD, 77ce3e94-24f5-41e8-a0c5-92757b0216cd,0.832499996,18.48000145,0.562229971,30.33333333,20.33333333,0.670987654, 
25380, COORD, 77ce3e94-24f5-41e8-a0c5-92757b0216cd,0.832499996,21.11999893,0.523620007,30.33333333,20.11111111,0.663580247, 
25560, COORD, 77ce3e94-24f5-41e8-a0c5-92757b0216cd,0.832499996,21.11999893,0.523620007,30,20.11111111,0.67037037, 
25740, COORD, 77ce3e94-24f5-41e8-a0c5-92757b0216cd,0.832499996,21.11999893,0.523620007,30.33333333,20.33333333,0.670987654, 
25920, COORD, 77ce3e94-24f5-41e8-a0c5-92757b0216cd,0.832499996,21.11999893,0.523620007,30.33333333,20.22222222,0.667283951, 
26100, COORD, 77ce3e94-24f5-41e8-a0c5-92757b0216cd,0.832499996,21.11999893,0.523620007,30.33333333,20.11111111,0.663580247, 
26280, COORD, 77ce3e94-24f5-41e8-a0c5-92757b0216cd,0.832499996,21.11999893,0.523620007,30,20.22222222,0.674074074, 
26460, COORD, 77ce3e94-24f5-41e8-a0c5-92757b0216cd,0.832499996,21.11999893,0.523620007,30.33333333,20.22222222,0.667283951, 
26640, COORD, 77ce3e94-24f5-41e8-a0c5-92757b0216cd,0.832499996,21.11999893,0.523620007,30.33333333,20.11111111,0.663580247, 
26820, COORD, 77ce3e94-24f5-41e8-a0c5-92757b0216cd,0.832499996,21.11999893,0.523620007,30,20.22222222,0.674074074, 
27000, COORD, 77ce3e94-24f5-41e8-a0c5-92757b0216cd,0.832499996,21.11999893,0.523620007,30.33333333,20.22222222,0.667283951, 
27180, COORD, 77ce3e94-24f5-41e8-a0c5-92757b0216cd,0.832499996,21.11999893,0.523620007,30.33333333,20.22222222,0.667283951, 
27360, COORD, 77ce3e94-24f5-41e8-a0c5-92757b0216cd,0.832499996,21.11999893,0.523620007,30,20.11111111,0.67037037, 
27540, COORD, 77ce3e94-24f5-41e8-a0c5-92757b0216cd,0.832499996,21.11999893,0.523620007,30.33333333,20.22222222,0.667283951, 
27720, COORD, 77ce3e94-24f5-41e8-a0c5-92757b0216cd,0.832499996,21.11999893,0.523620007,30,20.33333333,0.680246914, 
27900, COORD, 77ce3e94-24f5-41e8-a0c5-92757b0216cd,0.832499996,21.11999893,0.523620007,29.66666667,20.11111111,0.67962963, 
28080, COORD, 77ce3e94-24f5-41e8-a0c5-92757b0216cd,0.832499996,21.11999893,0.523620007,30,20.11111111,0.672839506, 
28260, COORD, 77ce3e94-24f5-41e8-a0c5-92757b0216cd,0.832499996,21.11999893,0.523620007,30,20.33333333,0.680246914, 
28440, COORD, 77ce3e94-24f5-41e8-a0c5-92757b0216cd,0.832499996,21.11999893,0.523620007,29.33333333,20.11111111,0.688888889, 
28620, COORD, 77ce3e94-24f5-41e8-a0c5-92757b0216cd,0.832499996,21.11999893,0.523620007,30.33333333,20.11111111,0.663580247, 
28800, COORD, 77ce3e94-24f5-41e8-a0c5-92757b0216cd,0.832499996,21.11999893,0.523620007,30.33333333,20.33333333,0.670987654, 
28980, COORD, 77ce3e94-24f5-41e8-a0c5-92757b0216cd,0.832499996,23.75999832,0.485010015,30.33333333,20.22222222,0.667283951, 
29160, COORD, 77ce3e94-24f5-41e8-a0c5-92757b0216cd,0.832499996,23.75999832,0.485010015,30,20.11111111,0.67037037, 
29340, COORD, 77ce3e94-24f5-41e8-a0c5-92757b0216cd,0.832499996,23.75999832,0.485010015,30,20.22222222,0.674074074, 
29520, COORD, 77ce3e94-24f5-41e8-a0c5-92757b0216cd,0.832499996,23.75999832,0.485010015,30.33333333,20.22222222,0.667283951, 
29700, COORD, 77ce3e94-24f5-41e8-a0c5-92757b0216cd,0.832499996,23.75999832,0.485010015,30,20.11111111,0.67037037, 
29880, COORD, 77ce3e94-24f5-41e8-a0c5-92757b0216cd,0.832499996,23.75999832,0.485010015,30.33333333,20.22222222,0.667283951, 
30060, COORD, 77ce3e94-24f5-41e8-a0c5-92757b0216cd,0.832499996,23.75999832,0.485010015,30.33333333,20.22222222,0.667283951, 
30240, COORD, 77ce3e94-24f5-41e8-a0c5-92757b0216cd,0.832499996,23.75999832,0.485010015,30.66666667,20.22222222,0.660493827, 
30420, COORD, 77ce3e94-24f5-41e8-a0c5-92757b0216cd,0.832499996,23.75999832,0.485010015,30,20.11111111,0.67037037, 
30600, COORD, 77ce3e94-24f5-41e8-a0c5-92757b0216cd,0.832499996,23.75999832,0.485010015,30.33333333,20.22222222,0.667283951, 
30780, COORD, 77ce3e94-24f5-41e8-a0c5-92757b0216cd,0.832499996,23.75999832,0.485010015,30.33333333,20.33333333,0.670987654, 
30960, COORD, 77ce3e94-24f5-41e8-a0c5-92757b0216cd,0.832499996,23.75999832,0.485010015,30.33333333,20.11111111,0.663580247, 
31140, COORD, 77ce3e94-24f5-41e8-a0c5-92757b0216cd,0.832499996,23.75999832,0.485010015,30,20.11111111,0.67037037, 
31320, COORD, 77ce3e94-24f5-41e8-a0c5-92757b0216cd,0.832499996,23.75999832,0.485010015,30,20.33333333,0.677777778, 
31500, COORD, 77ce3e94-24f5-41e8-a0c5-92757b0216cd,0.832499996,23.75999832,0.485010015,30.33333333,20.11111111,0.663580247, 
31680, COORD, 77ce3e94-24f5-41e8-a0c5-92757b0216cd,0.832499996,23.75999832,0.485010015,30,20.11111111,0.67037037, 
31860, COORD, 77ce3e94-24f5-41e8-a0c5-92757b0216cd,0.832499996,23.75999832,0.485010015,30.33333333,20.33333333,0.670987654, 
32040, COORD, 77ce3e94-24f5-41e8-a0c5-92757b0216cd,0.832499996,23.75999832,0.485010015,30.33333333,20.22222222,0.667283951, 
32220, COORD, 77ce3e94-24f5-41e8-a0c5-92757b0216cd,0.832499996,23.75999832,0.485010015,30.33333333,20.11111111,0.663580247, 
32400, COORD, 77ce3e94-24f5-41e8-a0c5-92757b0216cd,0.832499996,23.75999832,0.485010015,30.33333333,20.22222222,0.667283951, 
32580, COORD, 77ce3e94-24f5-41e8-a0c5-92757b0216cd,0.832499996,26.39999771,0.446400024,30.33333333,20.22222222,0.667283951, 
32760, COORD, 77ce3e94-24f5-41e8-a0c5-92757b0216cd,0.832499996,26.39999771,0.446400024,30.33333333,20.11111111,0.663580247, 
32940, COORD, 77ce3e94-24f5-41e8-a0c5-92757b0216cd,0.832499996,26.39999771,0.446400024,30,19.88888889,0.667283951, 
33120, COORD, 77ce3e94-24f5-41e8-a0c5-92757b0216cd,0.832499996,26.39999771,0.446400024,29.66666667,19.88888889,0.671296296, 
33300, COORD, 77ce3e94-24f5-41e8-a0c5-92757b0216cd,0.832499996,26.39999771,0.446400024,30.66666667,19.88888889,0.650617284, 
33480, COORD, 77ce3e94-24f5-41e8-a0c5-92757b0216cd,0.832499996,26.39999771,0.446400024,31,19.77777778,0.640740741, 
33660, COORD, 77ce3e94-24f5-41e8-a0c5-92757b0216cd,0.832499996,26.39999771,0.446400024,29.66666667,19.88888889,0.671296296, 
33840, COORD, 77ce3e94-24f5-41e8-a0c5-92757b0216cd,0.832499996,26.39999771,0.446400024,30.33333333,19.77777778,0.655246914, 
34020, COORD, 77ce3e94-24f5-41e8-a0c5-92757b0216cd,0.832499996,26.39999771,0.446400024,30,19.88888889,0.665123457, 
34200, COORD, 77ce3e94-24f5-41e8-a0c5-92757b0216cd,0.832499996,26.39999771,0.446400024,30.66666667,19.88888889,0.650617284, 
34380, COORD, 77ce3e94-24f5-41e8-a0c5-92757b0216cd,0.832499996,26.39999771,0.446400024,30.66666667,19.77777778,0.649074074, 
34560, COORD, 77ce3e94-24f5-41e8-a0c5-92757b0216cd,0.832499996,26.39999771,0.446400024,30,19.88888889,0.662962963, 
34740, COORD, 77ce3e94-24f5-41e8-a0c5-92757b0216cd,0.832499996,26.39999771,0.446400024,30.66666667,19.88888889,0.650617284, 
34920, COORD, 77ce3e94-24f5-41e8-a0c5-92757b0216cd,0.832499996,26.39999771,0.446400024,30.66666667,19.77777778,0.651234568, 
35100, COORD, 77ce3e94-24f5-41e8-a0c5-92757b0216cd,0.832499996,26.39999771,0.446400024,30,19.88888889,0.662962963, 
35280, COORD, 77ce3e94-24f5-41e8-a0c5-92757b0216cd,0.832499996,26.39999771,0.446400024,31.33333333,19.77777778,0.634567901, 
35460, COORD, 77ce3e94-24f5-41e8-a0c5-92757b0216cd,0.832499996,26.39999771,0.446400024,30,19.88888889,0.662962963, 
35640, COORD, 77ce3e94-24f5-41e8-a0c5-92757b0216cd,0.832499996,26.39999771,0.446400024,31,19.88888889,0.646604938, 
35820, COORD, 77ce3e94-24f5-41e8-a0c5-92757b0216cd,0.832499996,26.39999771,0.446400024,30.33333333,19.77777778,0.655246914, 
,,,0.832499996,26.39999771,,,,,
